district,data,kind,name,year
Байкальский заповедник,12,Рыбы,Всего,2015
Байкальский заповедник,2,Земноводные,Всего,2015
Байкальский заповедник,2,Пресмыкающиеся,Всего,2015
Байкальский заповедник,253,Птицы,Всего,2015
Байкальский заповедник,51,Млекопитающие,Всего,2015
Байкало-Ленский заповедник,11,Рыбы,Всего,2015
Байкало-Ленский заповедник,3,Земноводные,Всего,2015
Байкало-Ленский заповедник,4,Пресмыкающиеся,Всего,2015
Байкало-Ленский заповедник,267,Птицы,Всего,2015
Байкало-Ленский заповедник,54,Млекопитающие,Всего,2015
Баргузинский заповедник,46,Рыбы,Всего,2015
Баргузинский заповедник,3,Земноводные,Всего,2015
Баргузинский заповедник,6,Пресмыкающиеся,Всего,2015
Баргузинский заповедник,286,Птицы,Всего,2015
Баргузинский заповедник,44,Млекопитающие,Всего,2015
Джергинский заповедник,8,Рыбы,Всего,2015
Джергинский заповедник,3,Земноводные,Всего,2015
Джергинский заповедник,5,Пресмыкающиеся,Всего,2015
Джергинский заповедник,146,Птицы,Всего,2015
Джергинский заповедник,43,Млекопитающие,Всего,2015
Сохондинский заповедник,8,Рыбы,Всего,2015
Сохондинский заповедник,3,Земноводные,Всего,2015
Сохондинский заповедник,4,Пресмыкающиеся,Всего,2015
Сохондинский заповедник,203,Птицы,Всего,2015
Сохондинский заповедник,59,Млекопитающие,Всего,2015
Забайкальский национальный парк,50,Рыбы,Всего,2015
Забайкальский национальный парк,3,Земноводные,Всего,2015
Забайкальский национальный парк,3,Пресмыкающиеся,Всего,2015
Забайкальский национальный парк,249,Птицы,Всего,2015
Забайкальский национальный парк,50,Млекопитающие,Всего,2015
Прибайкальский национальный парк,25,Рыбы,Всего,2015
Прибайкальский национальный парк,4,Земноводные,Всего,2015
Прибайкальский национальный парк,5,Пресмыкающиеся,Всего,2015
Прибайкальский национальный парк,303,Птицы,Всего,2015
Прибайкальский национальный парк,64,Млекопитающие,Всего,2015
Тункинский национальный парк,18,Рыбы,Всего,2015
Тункинский национальный парк,4,Земноводные,Всего,2015
Тункинский национальный парк,5,Пресмыкающиеся,Всего,2015
Тункинский национальный парк,237,Птицы,Всего,2015
Тункинский национальный парк,54,Млекопитающие,Всего,2015
"Национальный парк ""Чикой""",0,Рыбы,Всего,2015
"Национальный парк ""Чикой""",0,Земноводные,Всего,2015
"Национальный парк ""Чикой""",0,Пресмыкающиеся,Всего,2015
"Национальный парк ""Чикой""",0,Птицы,Всего,2015
"Национальный парк ""Чикой""",0,Млекопитающие,Всего,2015
Байкальский заповедник,12,Рыбы,Всего,2016
Байкальский заповедник,2,Земноводные,Всего,2016
Байкальский заповедник,2,Пресмыкающиеся,Всего,2016
Байкальский заповедник,253,Птицы,Всего,2016
Байкальский заповедник,51,Млекопитающие,Всего,2016
Байкало-Ленский заповедник,16,Рыбы,Всего,2016
Байкало-Ленский заповедник,3,Земноводные,Всего,2016
Байкало-Ленский заповедник,4,Пресмыкающиеся,Всего,2016
Байкало-Ленский заповедник,276,Птицы,Всего,2016
Байкало-Ленский заповедник,52,Млекопитающие,Всего,2016
Баргузинский заповедник,46,Рыбы,Всего,2016
Баргузинский заповедник,3,Земноводные,Всего,2016
Баргузинский заповедник,6,Пресмыкающиеся,Всего,2016
Баргузинский заповедник,286,Птицы,Всего,2016
Баргузинский заповедник,44,Млекопитающие,Всего,2016
Джергинский заповедник,8,Рыбы,Всего,2016
Джергинский заповедник,3,Земноводные,Всего,2016
Джергинский заповедник,5,Пресмыкающиеся,Всего,2016
Джергинский заповедник,146,Птицы,Всего,2016
Джергинский заповедник,43,Млекопитающие,Всего,2016
Сохондинский заповедник,8,Рыбы,Всего,2016
Сохондинский заповедник,3,Земноводные,Всего,2016
Сохондинский заповедник,4,Пресмыкающиеся,Всего,2016
Сохондинский заповедник,203,Птицы,Всего,2016
Сохондинский заповедник,59,Млекопитающие,Всего,2016
Забайкальский национальный парк,50,Рыбы,Всего,2016
Забайкальский национальный парк,3,Земноводные,Всего,2016
Забайкальский национальный парк,3,Пресмыкающиеся,Всего,2016
Забайкальский национальный парк,249,Птицы,Всего,2016
Забайкальский национальный парк,50,Млекопитающие,Всего,2016
Прибайкальский национальный парк,25,Рыбы,Всего,2016
Прибайкальский национальный парк,4,Земноводные,Всего,2016
Прибайкальский национальный парк,5,Пресмыкающиеся,Всего,2016
Прибайкальский национальный парк,303,Птицы,Всего,2016
Прибайкальский национальный парк,64,Млекопитающие,Всего,2016
Тункинский национальный парк,18,Рыбы,Всего,2016
Тункинский национальный парк,4,Земноводные,Всего,2016
Тункинский национальный парк,5,Пресмыкающиеся,Всего,2016
Тункинский национальный парк,237,Птицы,Всего,2016
Тункинский национальный парк,56,Млекопитающие,Всего,2016
"Национальный парк ""Чикой""",0,Рыбы,Всего,2016
"Национальный парк ""Чикой""",0,Земноводные,Всего,2016
"Национальный парк ""Чикой""",0,Пресмыкающиеся,Всего,2016
"Национальный парк ""Чикой""",0,Птицы,Всего,2016
"Национальный парк ""Чикой""",0,Млекопитающие,Всего,2016
Байкальский заповедник,12,Рыбы,Всего,2017
Байкальский заповедник,2,Земноводные,Всего,2017
Байкальский заповедник,2,Пресмыкающиеся,Всего,2017
Байкальский заповедник,287,Птицы,Всего,2017
Байкальский заповедник,52,Млекопитающие,Всего,2017
Байкало-Ленский заповедник,16,Рыбы,Всего,2017
Байкало-Ленский заповедник,3,Земноводные,Всего,2017
Байкало-Ленский заповедник,4,Пресмыкающиеся,Всего,2017
Байкало-Ленский заповедник,276,Птицы,Всего,2017
Байкало-Ленский заповедник,52,Млекопитающие,Всего,2017
Баргузинский заповедник,46,Рыбы,Всего,2017
Баргузинский заповедник,3,Земноводные,Всего,2017
Баргузинский заповедник,6,Пресмыкающиеся,Всего,2017
Баргузинский заповедник,286,Птицы,Всего,2017
Баргузинский заповедник,44,Млекопитающие,Всего,2017
Джергинский заповедник,8,Рыбы,Всего,2017
Джергинский заповедник,3,Земноводные,Всего,2017
Джергинский заповедник,5,Пресмыкающиеся,Всего,2017
Джергинский заповедник,146,Птицы,Всего,2017
Джергинский заповедник,43,Млекопитающие,Всего,2017
Сохондинский заповедник,8,Рыбы,Всего,2017
Сохондинский заповедник,3,Земноводные,Всего,2017
Сохондинский заповедник,4,Пресмыкающиеся,Всего,2017
Сохондинский заповедник,203,Птицы,Всего,2017
Сохондинский заповедник,59,Млекопитающие,Всего,2017
Забайкальский национальный парк,50,Рыбы,Всего,2017
Забайкальский национальный парк,3,Земноводные,Всего,2017
Забайкальский национальный парк,3,Пресмыкающиеся,Всего,2017
Забайкальский национальный парк,249,Птицы,Всего,2017
Забайкальский национальный парк,50,Млекопитающие,Всего,2017
Прибайкальский национальный парк,25,Рыбы,Всего,2017
Прибайкальский национальный парк,4,Земноводные,Всего,2017
Прибайкальский национальный парк,5,Пресмыкающиеся,Всего,2017
Прибайкальский национальный парк,303,Птицы,Всего,2017
Прибайкальский национальный парк,64,Млекопитающие,Всего,2017
Тункинский национальный парк,18,Рыбы,Всего,2017
Тункинский национальный парк,4,Земноводные,Всего,2017
Тункинский национальный парк,5,Пресмыкающиеся,Всего,2017
Тункинский национальный парк,237,Птицы,Всего,2017
Тункинский национальный парк,56,Млекопитающие,Всего,2017
"Национальный парк ""Чикой""",16,Рыбы,Всего,2017
"Национальный парк ""Чикой""",6,Земноводные,Всего,2017
"Национальный парк ""Чикой""",5,Пресмыкающиеся,Всего,2017
"Национальный парк ""Чикой""",155,Птицы,Всего,2017
"Национальный парк ""Чикой""",67,Млекопитающие,Всего,2017
Байкальский заповедник,0,Рыбы,Эндемичные виды,2017
Байкальский заповедник,0,Земноводные,Эндемичные виды,2017
Байкальский заповедник,0,Пресмыкающиеся,Эндемичные виды,2017
Байкальский заповедник,0,Птицы,Эндемичные виды,2017
Байкальский заповедник,0,Млекопитающие,Эндемичные виды,2017
Байкало-Ленский заповедник,0,Рыбы,Эндемичные виды,2017
Байкало-Ленский заповедник,0,Земноводные,Эндемичные виды,2017
Байкало-Ленский заповедник,0,Пресмыкающиеся,Эндемичные виды,2017
Байкало-Ленский заповедник,0,Птицы,Эндемичные виды,2017
Байкало-Ленский заповедник,0,Млекопитающие,Эндемичные виды,2017
Баргузинский заповедник,10,Рыбы,Эндемичные виды,2017
Баргузинский заповедник,0,Земноводные,Эндемичные виды,2017
Баргузинский заповедник,0,Пресмыкающиеся,Эндемичные виды,2017
Баргузинский заповедник,0,Птицы,Эндемичные виды,2017
Баргузинский заповедник,1,Млекопитающие,Эндемичные виды,2017
Джергинский заповедник,0,Рыбы,Эндемичные виды,2017
Джергинский заповедник,0,Земноводные,Эндемичные виды,2017
Джергинский заповедник,0,Пресмыкающиеся,Эндемичные виды,2017
Джергинский заповедник,0,Птицы,Эндемичные виды,2017
Джергинский заповедник,0,Млекопитающие,Эндемичные виды,2017
Сохондинский заповедник,0,Рыбы,Эндемичные виды,2017
Сохондинский заповедник,0,Земноводные,Эндемичные виды,2017
Сохондинский заповедник,0,Пресмыкающиеся,Эндемичные виды,2017
Сохондинский заповедник,0,Птицы,Эндемичные виды,2017
Сохондинский заповедник,0,Млекопитающие,Эндемичные виды,2017
Забайкальский национальный парк,13,Рыбы,Эндемичные виды,2017
Забайкальский национальный парк,0,Земноводные,Эндемичные виды,2017
Забайкальский национальный парк,0,Пресмыкающиеся,Эндемичные виды,2017
Забайкальский национальный парк,0,Птицы,Эндемичные виды,2017
Забайкальский национальный парк,1,Млекопитающие,Эндемичные виды,2017
Прибайкальский национальный парк,0,Рыбы,Эндемичные виды,2017
Прибайкальский национальный парк,0,Земноводные,Эндемичные виды,2017
Прибайкальский национальный парк,0,Пресмыкающиеся,Эндемичные виды,2017
Прибайкальский национальный парк,0,Птицы,Эндемичные виды,2017
Прибайкальский национальный парк,1,Млекопитающие,Эндемичные виды,2017
Тункинский национальный парк,0,Рыбы,Эндемичные виды,2017
Тункинский национальный парк,0,Земноводные,Эндемичные виды,2017
Тункинский национальный парк,0,Пресмыкающиеся,Эндемичные виды,2017
Тункинский национальный парк,0,Птицы,Эндемичные виды,2017
Тункинский национальный парк,0,Млекопитающие,Эндемичные виды,2017
"Национальный парк ""Чикой""",0,Рыбы,Эндемичные виды,2017
"Национальный парк ""Чикой""",0,Земноводные,Эндемичные виды,2017
"Национальный парк ""Чикой""",0,Пресмыкающиеся,Эндемичные виды,2017
"Национальный парк ""Чикой""",0,Птицы,Эндемичные виды,2017
"Национальный парк ""Чикой""",0,Млекопитающие,Эндемичные виды,2017
Байкальский заповедник,1,Рыбы,Красная книга РФ,2017
Байкальский заповедник,0,Земноводные,Красная книга РФ,2017
Байкальский заповедник,0,Пресмыкающиеся,Красная книга РФ,2017
Байкальский заповедник,18,Птицы,Красная книга РФ,2017
Байкальский заповедник,1,Млекопитающие,Красная книга РФ,2017
Байкало-Ленский заповедник,1,Рыбы,Красная книга РФ,2017
Байкало-Ленский заповедник,0,Земноводные,Красная книга РФ,2017
Байкало-Ленский заповедник,0,Пресмыкающиеся,Красная книга РФ,2017
Байкало-Ленский заповедник,24,Птицы,Красная книга РФ,2017
Байкало-Ленский заповедник,1,Млекопитающие,Красная книга РФ,2017
Баргузинский заповедник,1,Рыбы,Красная книга РФ,2017
Баргузинский заповедник,0,Земноводные,Красная книга РФ,2017
Баргузинский заповедник,0,Пресмыкающиеся,Красная книга РФ,2017
Баргузинский заповедник,17,Птицы,Красная книга РФ,2017
Баргузинский заповедник,1,Млекопитающие,Красная книга РФ,2017
Джергинский заповедник,2,Рыбы,Красная книга РФ,2017
Джергинский заповедник,0,Земноводные,Красная книга РФ,2017
Джергинский заповедник,0,Пресмыкающиеся,Красная книга РФ,2017
Джергинский заповедник,14,Птицы,Красная книга РФ,2017
Джергинский заповедник,1,Млекопитающие,Красная книга РФ,2017
Сохондинский заповедник,0,Рыбы,Красная книга РФ,2017
Сохондинский заповедник,0,Земноводные,Красная книга РФ,2017
Сохондинский заповедник,0,Пресмыкающиеся,Красная книга РФ,2017
Сохондинский заповедник,6,Птицы,Красная книга РФ,2017
Сохондинский заповедник,0,Млекопитающие,Красная книга РФ,2017
Забайкальский национальный парк,1,Рыбы,Красная книга РФ,2017
Забайкальский национальный парк,0,Земноводные,Красная книга РФ,2017
Забайкальский национальный парк,0,Пресмыкающиеся,Красная книга РФ,2017
Забайкальский национальный парк,19,Птицы,Красная книга РФ,2017
Забайкальский национальный парк,1,Млекопитающие,Красная книга РФ,2017
Прибайкальский национальный парк,0,Рыбы,Красная книга РФ,2017
Прибайкальский национальный парк,0,Земноводные,Красная книга РФ,2017
Прибайкальский национальный парк,0,Пресмыкающиеся,Красная книга РФ,2017
Прибайкальский национальный парк,29,Птицы,Красная книга РФ,2017
Прибайкальский национальный парк,1,Млекопитающие,Красная книга РФ,2017
Тункинский национальный парк,0,Рыбы,Красная книга РФ,2017
Тункинский национальный парк,0,Земноводные,Красная книга РФ,2017
Тункинский национальный парк,0,Пресмыкающиеся,Красная книга РФ,2017
Тункинский национальный парк,17,Птицы,Красная книга РФ,2017
Тункинский национальный парк,5,Млекопитающие,Красная книга РФ,2017
"Национальный парк ""Чикой""",0,Рыбы,Красная книга РФ,2017
"Национальный парк ""Чикой""",0,Земноводные,Красная книга РФ,2017
"Национальный парк ""Чикой""",0,Пресмыкающиеся,Красная книга РФ,2017
"Национальный парк ""Чикой""",11,Птицы,Красная книга РФ,2017
"Национальный парк ""Чикой""",3,Млекопитающие,Красная книга РФ,2017
Байкальский заповедник,2,Рыбы,Красная книга СРФ,2017
Байкальский заповедник,1,Земноводные,Красная книга СРФ,2017
Байкальский заповедник,0,Пресмыкающиеся,Красная книга СРФ,2017
Байкальский заповедник,56,Птицы,Красная книга СРФ,2017
Байкальский заповедник,6,Млекопитающие,Красная книга СРФ,2017
Байкало-Ленский заповедник,2,Рыбы,Красная книга СРФ,2017
Байкало-Ленский заповедник,0,Земноводные,Красная книга СРФ,2017
Байкало-Ленский заповедник,0,Пресмыкающиеся,Красная книга СРФ,2017
Байкало-Ленский заповедник,39,Птицы,Красная книга СРФ,2017
Байкало-Ленский заповедник,3,Млекопитающие,Красная книга СРФ,2017
Баргузинский заповедник,3,Рыбы,Красная книга СРФ,2017
Баргузинский заповедник,1,Земноводные,Красная книга СРФ,2017
Баргузинский заповедник,4,Пресмыкающиеся,Красная книга СРФ,2017
Баргузинский заповедник,55,Птицы,Красная книга СРФ,2017
Баргузинский заповедник,3,Млекопитающие,Красная книга СРФ,2017
Джергинский заповедник,2,Рыбы,Красная книга СРФ,2017
Джергинский заповедник,1,Земноводные,Красная книга СРФ,2017
Джергинский заповедник,3,Пресмыкающиеся,Красная книга СРФ,2017
Джергинский заповедник,29,Птицы,Красная книга СРФ,2017
Джергинский заповедник,2,Млекопитающие,Красная книга СРФ,2017
Сохондинский заповедник,1,Рыбы,Красная книга СРФ,2017
Сохондинский заповедник,0,Земноводные,Красная книга СРФ,2017
Сохондинский заповедник,0,Пресмыкающиеся,Красная книга СРФ,2017
Сохондинский заповедник,15,Птицы,Красная книга СРФ,2017
Сохондинский заповедник,0,Млекопитающие,Красная книга СРФ,2017
Забайкальский национальный парк,3,Рыбы,Красная книга СРФ,2017
Забайкальский национальный парк,1,Земноводные,Красная книга СРФ,2017
Забайкальский национальный парк,1,Пресмыкающиеся,Красная книга СРФ,2017
Забайкальский национальный парк,41,Птицы,Красная книга СРФ,2017
Забайкальский национальный парк,4,Млекопитающие,Красная книга СРФ,2017
Прибайкальский национальный парк,2,Рыбы,Красная книга СРФ,2017
Прибайкальский национальный парк,1,Земноводные,Красная книга СРФ,2017
Прибайкальский национальный парк,1,Пресмыкающиеся,Красная книга СРФ,2017
Прибайкальский национальный парк,54,Птицы,Красная книга СРФ,2017
Прибайкальский национальный парк,7,Млекопитающие,Красная книга СРФ,2017
Тункинский национальный парк,2,Рыбы,Красная книга СРФ,2017
Тункинский национальный парк,1,Земноводные,Красная книга СРФ,2017
Тункинский национальный парк,2,Пресмыкающиеся,Красная книга СРФ,2017
Тункинский национальный парк,55,Птицы,Красная книга СРФ,2017
Тункинский национальный парк,11,Млекопитающие,Красная книга СРФ,2017
"Национальный парк ""Чикой""",1,Рыбы,Красная книга СРФ,2017
"Национальный парк ""Чикой""",0,Земноводные,Красная книга СРФ,2017
"Национальный парк ""Чикой""",0,Пресмыкающиеся,Красная книга СРФ,2017
"Национальный парк ""Чикой""",15,Птицы,Красная книга СРФ,2017
"Национальный парк ""Чикой""",7,Млекопитающие,Красная книга СРФ,2017
Байкальский заповедник,12,Рыбы,Всего,2018
Байкальский заповедник,2,Земноводные,Всего,2018
Байкальский заповедник,2,Пресмыкающиеся,Всего,2018
Байкальский заповедник,287,Птицы,Всего,2018
Байкальский заповедник,52,Млекопитающие,Всего,2018
Байкало-Ленский заповедник,16,Рыбы,Всего,2018
Байкало-Ленский заповедник,3,Земноводные,Всего,2018
Байкало-Ленский заповедник,4,Пресмыкающиеся,Всего,2018
Байкало-Ленский заповедник,276,Птицы,Всего,2018
Байкало-Ленский заповедник,52,Млекопитающие,Всего,2018
Баргузинский заповедник,46,Рыбы,Всего,2018
Баргузинский заповедник,3,Земноводные,Всего,2018
Баргузинский заповедник,6,Пресмыкающиеся,Всего,2018
Баргузинский заповедник,286,Птицы,Всего,2018
Баргузинский заповедник,44,Млекопитающие,Всего,2018
Джергинский заповедник,8,Рыбы,Всего,2018
Джергинский заповедник,3,Земноводные,Всего,2018
Джергинский заповедник,5,Пресмыкающиеся,Всего,2018
Джергинский заповедник,146,Птицы,Всего,2018
Джергинский заповедник,43,Млекопитающие,Всего,2018
Сохондинский заповедник,8,Рыбы,Всего,2018
Сохондинский заповедник,3,Земноводные,Всего,2018
Сохондинский заповедник,4,Пресмыкающиеся,Всего,2018
Сохондинский заповедник,203,Птицы,Всего,2018
Сохондинский заповедник,5,Млекопитающие,Всего,2018
Забайкальский национальный парк,50,Рыбы,Всего,2018
Забайкальский национальный парк,3,Земноводные,Всего,2018
Забайкальский национальный парк,3,Пресмыкающиеся,Всего,2018
Забайкальский национальный парк,249,Птицы,Всего,2018
Забайкальский национальный парк,50,Млекопитающие,Всего,2018
Прибайкальский национальный парк,25,Рыбы,Всего,2018
Прибайкальский национальный парк,4,Земноводные,Всего,2018
Прибайкальский национальный парк,5,Пресмыкающиеся,Всего,2018
Прибайкальский национальный парк,303,Птицы,Всего,2018
Прибайкальский национальный парк,64,Млекопитающие,Всего,2018
Тункинский национальный парк,18,Рыбы,Всего,2018
Тункинский национальный парк,4,Земноводные,Всего,2018
Тункинский национальный парк,5,Пресмыкающиеся,Всего,2018
Тункинский национальный парк,237,Птицы,Всего,2018
Тункинский национальный парк,56,Млекопитающие,Всего,2018
"Национальный парк ""Чикой""",0,Рыбы,Всего,2018
"Национальный парк ""Чикой""",0,Земноводные,Всего,2018
"Национальный парк ""Чикой""",0,Пресмыкающиеся,Всего,2018
"Национальный парк ""Чикой""",0,Птицы,Всего,2018
"Национальный парк ""Чикой""",0,Млекопитающие,Всего,2018
Байкальский заповедник,0,Рыбы,Эндемичные виды,2018
Байкальский заповедник,0,Земноводные,Эндемичные виды,2018
Байкальский заповедник,0,Пресмыкающиеся,Эндемичные виды,2018
Байкальский заповедник,0,Птицы,Эндемичные виды,2018
Байкальский заповедник,0,Млекопитающие,Эндемичные виды,2018
Байкало-Ленский заповедник,0,Рыбы,Эндемичные виды,2018
Байкало-Ленский заповедник,0,Земноводные,Эндемичные виды,2018
Байкало-Ленский заповедник,0,Пресмыкающиеся,Эндемичные виды,2018
Байкало-Ленский заповедник,0,Птицы,Эндемичные виды,2018
Байкало-Ленский заповедник,0,Млекопитающие,Эндемичные виды,2018
Баргузинский заповедник,10,Рыбы,Эндемичные виды,2018
Баргузинский заповедник,0,Земноводные,Эндемичные виды,2018
Баргузинский заповедник,0,Пресмыкающиеся,Эндемичные виды,2018
Баргузинский заповедник,0,Птицы,Эндемичные виды,2018
Баргузинский заповедник,1,Млекопитающие,Эндемичные виды,2018
Джергинский заповедник,0,Рыбы,Эндемичные виды,2018
Джергинский заповедник,0,Земноводные,Эндемичные виды,2018
Джергинский заповедник,0,Пресмыкающиеся,Эндемичные виды,2018
Джергинский заповедник,0,Птицы,Эндемичные виды,2018
Джергинский заповедник,0,Млекопитающие,Эндемичные виды,2018
Сохондинский заповедник,0,Рыбы,Эндемичные виды,2018
Сохондинский заповедник,0,Земноводные,Эндемичные виды,2018
Сохондинский заповедник,0,Пресмыкающиеся,Эндемичные виды,2018
Сохондинский заповедник,0,Птицы,Эндемичные виды,2018
Сохондинский заповедник,0,Млекопитающие,Эндемичные виды,2018
Забайкальский национальный парк,13,Рыбы,Эндемичные виды,2018
Забайкальский национальный парк,0,Земноводные,Эндемичные виды,2018
Забайкальский национальный парк,0,Пресмыкающиеся,Эндемичные виды,2018
Забайкальский национальный парк,0,Птицы,Эндемичные виды,2018
Забайкальский национальный парк,1,Млекопитающие,Эндемичные виды,2018
Прибайкальский национальный парк,0,Рыбы,Эндемичные виды,2018
Прибайкальский национальный парк,0,Земноводные,Эндемичные виды,2018
Прибайкальский национальный парк,0,Пресмыкающиеся,Эндемичные виды,2018
Прибайкальский национальный парк,0,Птицы,Эндемичные виды,2018
Прибайкальский национальный парк,1,Млекопитающие,Эндемичные виды,2018
Тункинский национальный парк,0,Рыбы,Эндемичные виды,2018
Тункинский национальный парк,0,Земноводные,Эндемичные виды,2018
Тункинский национальный парк,0,Пресмыкающиеся,Эндемичные виды,2018
Тункинский национальный парк,0,Птицы,Эндемичные виды,2018
Тункинский национальный парк,0,Млекопитающие,Эндемичные виды,2018
"Национальный парк ""Чикой""",0,Рыбы,Эндемичные виды,2018
"Национальный парк ""Чикой""",0,Земноводные,Эндемичные виды,2018
"Национальный парк ""Чикой""",0,Пресмыкающиеся,Эндемичные виды,2018
"Национальный парк ""Чикой""",0,Птицы,Эндемичные виды,2018
"Национальный парк ""Чикой""",0,Млекопитающие,Эндемичные виды,2018
Байкальский заповедник,1,Рыбы,Красная книга РФ,2018
Байкальский заповедник,0,Земноводные,Красная книга РФ,2018
Байкальский заповедник,0,Пресмыкающиеся,Красная книга РФ,2018
Байкальский заповедник,20,Птицы,Красная книга РФ,2018
Байкальский заповедник,1,Млекопитающие,Красная книга РФ,2018
Байкало-Ленский заповедник,1,Рыбы,Красная книга РФ,2018
Байкало-Ленский заповедник,0,Земноводные,Красная книга РФ,2018
Байкало-Ленский заповедник,0,Пресмыкающиеся,Красная книга РФ,2018
Байкало-Ленский заповедник,24,Птицы,Красная книга РФ,2018
Байкало-Ленский заповедник,1,Млекопитающие,Красная книга РФ,2018
Баргузинский заповедник,1,Рыбы,Красная книга РФ,2018
Баргузинский заповедник,0,Земноводные,Красная книга РФ,2018
Баргузинский заповедник,0,Пресмыкающиеся,Красная книга РФ,2018
Баргузинский заповедник,17,Птицы,Красная книга РФ,2018
Баргузинский заповедник,1,Млекопитающие,Красная книга РФ,2018
Джергинский заповедник,2,Рыбы,Красная книга РФ,2018
Джергинский заповедник,0,Земноводные,Красная книга РФ,2018
Джергинский заповедник,0,Пресмыкающиеся,Красная книга РФ,2018
Джергинский заповедник,14,Птицы,Красная книга РФ,2018
Джергинский заповедник,1,Млекопитающие,Красная книга РФ,2018
Сохондинский заповедник,0,Рыбы,Красная книга РФ,2018
Сохондинский заповедник,0,Земноводные,Красная книга РФ,2018
Сохондинский заповедник,0,Пресмыкающиеся,Красная книга РФ,2018
Сохондинский заповедник,3,Птицы,Красная книга РФ,2018
Сохондинский заповедник,0,Млекопитающие,Красная книга РФ,2018
Забайкальский национальный парк,1,Рыбы,Красная книга РФ,2018
Забайкальский национальный парк,0,Земноводные,Красная книга РФ,2018
Забайкальский национальный парк,0,Пресмыкающиеся,Красная книга РФ,2018
Забайкальский национальный парк,19,Птицы,Красная книга РФ,2018
Забайкальский национальный парк,1,Млекопитающие,Красная книга РФ,2018
Прибайкальский национальный парк,0,Рыбы,Красная книга РФ,2018
Прибайкальский национальный парк,0,Земноводные,Красная книга РФ,2018
Прибайкальский национальный парк,0,Пресмыкающиеся,Красная книга РФ,2018
Прибайкальский национальный парк,29,Птицы,Красная книга РФ,2018
Прибайкальский национальный парк,1,Млекопитающие,Красная книга РФ,2018
Тункинский национальный парк,0,Рыбы,Красная книга РФ,2018
Тункинский национальный парк,0,Земноводные,Красная книга РФ,2018
Тункинский национальный парк,0,Пресмыкающиеся,Красная книга РФ,2018
Тункинский национальный парк,25,Птицы,Красная книга РФ,2018
Тункинский национальный парк,4,Млекопитающие,Красная книга РФ,2018
"Национальный парк ""Чикой""",0,Рыбы,Красная книга РФ,2018
"Национальный парк ""Чикой""",0,Земноводные,Красная книга РФ,2018
"Национальный парк ""Чикой""",0,Пресмыкающиеся,Красная книга РФ,2018
"Национальный парк ""Чикой""",0,Птицы,Красная книга РФ,2018
"Национальный парк ""Чикой""",0,Млекопитающие,Красная книга РФ,2018
Байкальский заповедник,2,Рыбы,Красная книга СРФ,2018
Байкальский заповедник,1,Земноводные,Красная книга СРФ,2018
Байкальский заповедник,0,Пресмыкающиеся,Красная книга СРФ,2018
Байкальский заповедник,64,Птицы,Красная книга СРФ,2018
Байкальский заповедник,5,Млекопитающие,Красная книга СРФ,2018
Байкало-Ленский заповедник,2,Рыбы,Красная книга СРФ,2018
Байкало-Ленский заповедник,0,Земноводные,Красная книга СРФ,2018
Байкало-Ленский заповедник,0,Пресмыкающиеся,Красная книга СРФ,2018
Байкало-Ленский заповедник,39,Птицы,Красная книга СРФ,2018
Байкало-Ленский заповедник,3,Млекопитающие,Красная книга СРФ,2018
Баргузинский заповедник,3,Рыбы,Красная книга СРФ,2018
Баргузинский заповедник,1,Земноводные,Красная книга СРФ,2018
Баргузинский заповедник,4,Пресмыкающиеся,Красная книга СРФ,2018
Баргузинский заповедник,55,Птицы,Красная книга СРФ,2018
Баргузинский заповедник,3,Млекопитающие,Красная книга СРФ,2018
Джергинский заповедник,2,Рыбы,Красная книга СРФ,2018
Джергинский заповедник,1,Земноводные,Красная книга СРФ,2018
Джергинский заповедник,3,Пресмыкающиеся,Красная книга СРФ,2018
Джергинский заповедник,29,Птицы,Красная книга СРФ,2018
Джергинский заповедник,2,Млекопитающие,Красная книга СРФ,2018
Сохондинский заповедник,1,Рыбы,Красная книга СРФ,2018
Сохондинский заповедник,0,Земноводные,Красная книга СРФ,2018
Сохондинский заповедник,0,Пресмыкающиеся,Красная книга СРФ,2018
Сохондинский заповедник,14,Птицы,Красная книга СРФ,2018
Сохондинский заповедник,0,Млекопитающие,Красная книга СРФ,2018
Забайкальский национальный парк,3,Рыбы,Красная книга СРФ,2018
Забайкальский национальный парк,1,Земноводные,Красная книга СРФ,2018
Забайкальский национальный парк,1,Пресмыкающиеся,Красная книга СРФ,2018
Забайкальский национальный парк,41,Птицы,Красная книга СРФ,2018
Забайкальский национальный парк,4,Млекопитающие,Красная книга СРФ,2018
Прибайкальский национальный парк,2,Рыбы,Красная книга СРФ,2018
Прибайкальский национальный парк,1,Земноводные,Красная книга СРФ,2018
Прибайкальский национальный парк,1,Пресмыкающиеся,Красная книга СРФ,2018
Прибайкальский национальный парк,54,Птицы,Красная книга СРФ,2018
Прибайкальский национальный парк,7,Млекопитающие,Красная книга СРФ,2018
Тункинский национальный парк,2,Рыбы,Красная книга СРФ,2018
Тункинский национальный парк,1,Земноводные,Красная книга СРФ,2018
Тункинский национальный парк,2,Пресмыкающиеся,Красная книга СРФ,2018
Тункинский национальный парк,55,Птицы,Красная книга СРФ,2018
Тункинский национальный парк,11,Млекопитающие,Красная книга СРФ,2018
"Национальный парк ""Чикой""",0,Рыбы,Красная книга СРФ,2018
"Национальный парк ""Чикой""",0,Земноводные,Красная книга СРФ,2018
"Национальный парк ""Чикой""",0,Пресмыкающиеся,Красная книга СРФ,2018
"Национальный парк ""Чикой""",0,Птицы,Красная книга СРФ,2018
"Национальный парк ""Чикой""",0,Млекопитающие,Красная книга СРФ,2018
Байкальский заповедник,17,Рыбы,Всего,2019
Байкальский заповедник,2,Земноводные,Всего,2019
Байкальский заповедник,2,Пресмыкающиеся,Всего,2019
Байкальский заповедник,303,Птицы,Всего,2019
Байкальский заповедник,52,Млекопитающие,Всего,2019
Байкало-Ленский заповедник,15,Рыбы,Всего,2019
Байкало-Ленский заповедник,3,Земноводные,Всего,2019
Байкало-Ленский заповедник,4,Пресмыкающиеся,Всего,2019
Байкало-Ленский заповедник,277,Птицы,Всего,2019
Байкало-Ленский заповедник,52,Млекопитающие,Всего,2019
Баргузинский заповедник,46,Рыбы,Всего,2019
Баргузинский заповедник,3,Земноводные,Всего,2019
Баргузинский заповедник,6,Пресмыкающиеся,Всего,2019
Баргузинский заповедник,286,Птицы,Всего,2019
Баргузинский заповедник,44,Млекопитающие,Всего,2019
Джергинский заповедник,8,Рыбы,Всего,2019
Джергинский заповедник,3,Земноводные,Всего,2019
Джергинский заповедник,5,Пресмыкающиеся,Всего,2019
Джергинский заповедник,146,Птицы,Всего,2019
Джергинский заповедник,43,Млекопитающие,Всего,2019
Сохондинский заповедник,8,Рыбы,Всего,2019
Сохондинский заповедник,3,Земноводные,Всего,2019
Сохондинский заповедник,4,Пресмыкающиеся,Всего,2019
Сохондинский заповедник,203,Птицы,Всего,2019
Сохондинский заповедник,5,Млекопитающие,Всего,2019
Забайкальский национальный парк,50,Рыбы,Всего,2019
Забайкальский национальный парк,3,Земноводные,Всего,2019
Забайкальский национальный парк,3,Пресмыкающиеся,Всего,2019
Забайкальский национальный парк,249,Птицы,Всего,2019
Забайкальский национальный парк,50,Млекопитающие,Всего,2019
Прибайкальский национальный парк,24,Рыбы,Всего,2019
Прибайкальский национальный парк,4,Земноводные,Всего,2019
Прибайкальский национальный парк,5,Пресмыкающиеся,Всего,2019
Прибайкальский национальный парк,305,Птицы,Всего,2019
Прибайкальский национальный парк,63,Млекопитающие,Всего,2019
Тункинский национальный парк,18,Рыбы,Всего,2019
Тункинский национальный парк,4,Земноводные,Всего,2019
Тункинский национальный парк,5,Пресмыкающиеся,Всего,2019
Тункинский национальный парк,237,Птицы,Всего,2019
Тункинский национальный парк,56,Млекопитающие,Всего,2019
"Национальный парк ""Чикой""",16,Рыбы,Всего,2019
"Национальный парк ""Чикой""",6,Земноводные,Всего,2019
"Национальный парк ""Чикой""",5,Пресмыкающиеся,Всего,2019
"Национальный парк ""Чикой""",155,Птицы,Всего,2019
"Национальный парк ""Чикой""",67,Млекопитающие,Всего,2019
Байкальский заповедник,0,Рыбы,Эндемичные виды,2019
Байкальский заповедник,0,Земноводные,Эндемичные виды,2019
Байкальский заповедник,0,Пресмыкающиеся,Эндемичные виды,2019
Байкальский заповедник,0,Птицы,Эндемичные виды,2019
Байкальский заповедник,0,Млекопитающие,Эндемичные виды,2019
Байкало-Ленский заповедник,0,Рыбы,Эндемичные виды,2019
Байкало-Ленский заповедник,0,Земноводные,Эндемичные виды,2019
Байкало-Ленский заповедник,0,Пресмыкающиеся,Эндемичные виды,2019
Байкало-Ленский заповедник,0,Птицы,Эндемичные виды,2019
Байкало-Ленский заповедник,1,Млекопитающие,Эндемичные виды,2019
Баргузинский заповедник,10,Рыбы,Эндемичные виды,2019
Баргузинский заповедник,0,Земноводные,Эндемичные виды,2019
Баргузинский заповедник,0,Пресмыкающиеся,Эндемичные виды,2019
Баргузинский заповедник,0,Птицы,Эндемичные виды,2019
Баргузинский заповедник,1,Млекопитающие,Эндемичные виды,2019
Джергинский заповедник,0,Рыбы,Эндемичные виды,2019
Джергинский заповедник,0,Земноводные,Эндемичные виды,2019
Джергинский заповедник,0,Пресмыкающиеся,Эндемичные виды,2019
Джергинский заповедник,0,Птицы,Эндемичные виды,2019
Джергинский заповедник,0,Млекопитающие,Эндемичные виды,2019
Сохондинский заповедник,0,Рыбы,Эндемичные виды,2019
Сохондинский заповедник,0,Земноводные,Эндемичные виды,2019
Сохондинский заповедник,0,Пресмыкающиеся,Эндемичные виды,2019
Сохондинский заповедник,0,Птицы,Эндемичные виды,2019
Сохондинский заповедник,0,Млекопитающие,Эндемичные виды,2019
Забайкальский национальный парк,13,Рыбы,Эндемичные виды,2019
Забайкальский национальный парк,0,Земноводные,Эндемичные виды,2019
Забайкальский национальный парк,0,Пресмыкающиеся,Эндемичные виды,2019
Забайкальский национальный парк,0,Птицы,Эндемичные виды,2019
Забайкальский национальный парк,1,Млекопитающие,Эндемичные виды,2019
Прибайкальский национальный парк,4,Рыбы,Эндемичные виды,2019
Прибайкальский национальный парк,0,Земноводные,Эндемичные виды,2019
Прибайкальский национальный парк,0,Пресмыкающиеся,Эндемичные виды,2019
Прибайкальский национальный парк,0,Птицы,Эндемичные виды,2019
Прибайкальский национальный парк,2,Млекопитающие,Эндемичные виды,2019
Тункинский национальный парк,0,Рыбы,Эндемичные виды,2019
Тункинский национальный парк,0,Земноводные,Эндемичные виды,2019
Тункинский национальный парк,0,Пресмыкающиеся,Эндемичные виды,2019
Тункинский национальный парк,0,Птицы,Эндемичные виды,2019
Тункинский национальный парк,0,Млекопитающие,Эндемичные виды,2019
"Национальный парк ""Чикой""",0,Рыбы,Эндемичные виды,2019
"Национальный парк ""Чикой""",0,Земноводные,Эндемичные виды,2019
"Национальный парк ""Чикой""",0,Пресмыкающиеся,Эндемичные виды,2019
"Национальный парк ""Чикой""",0,Птицы,Эндемичные виды,2019
"Национальный парк ""Чикой""",0,Млекопитающие,Эндемичные виды,2019
Байкальский заповедник,0,Рыбы,Красная книга РФ,2019
Байкальский заповедник,0,Земноводные,Красная книга РФ,2019
Байкальский заповедник,0,Пресмыкающиеся,Красная книга РФ,2019
Байкальский заповедник,24,Птицы,Красная книга РФ,2019
Байкальский заповедник,1,Млекопитающие,Красная книга РФ,2019
Байкало-Ленский заповедник,1,Рыбы,Красная книга РФ,2019
Байкало-Ленский заповедник,0,Земноводные,Красная книга РФ,2019
Байкало-Ленский заповедник,0,Пресмыкающиеся,Красная книга РФ,2019
Байкало-Ленский заповедник,26,Птицы,Красная книга РФ,2019
Байкало-Ленский заповедник,1,Млекопитающие,Красная книга РФ,2019
Баргузинский заповедник,1,Рыбы,Красная книга РФ,2019
Баргузинский заповедник,0,Земноводные,Красная книга РФ,2019
Баргузинский заповедник,0,Пресмыкающиеся,Красная книга РФ,2019
Баргузинский заповедник,17,Птицы,Красная книга РФ,2019
Баргузинский заповедник,1,Млекопитающие,Красная книга РФ,2019
Джергинский заповедник,2,Рыбы,Красная книга РФ,2019
Джергинский заповедник,0,Земноводные,Красная книга РФ,2019
Джергинский заповедник,0,Пресмыкающиеся,Красная книга РФ,2019
Джергинский заповедник,17,Птицы,Красная книга РФ,2019
Джергинский заповедник,1,Млекопитающие,Красная книга РФ,2019
Сохондинский заповедник,0,Рыбы,Красная книга РФ,2019
Сохондинский заповедник,0,Земноводные,Красная книга РФ,2019
Сохондинский заповедник,0,Пресмыкающиеся,Красная книга РФ,2019
Сохондинский заповедник,3,Птицы,Красная книга РФ,2019
Сохондинский заповедник,0,Млекопитающие,Красная книга РФ,2019
Забайкальский национальный парк,1,Рыбы,Красная книга РФ,2019
Забайкальский национальный парк,0,Земноводные,Красная книга РФ,2019
Забайкальский национальный парк,0,Пресмыкающиеся,Красная книга РФ,2019
Забайкальский национальный парк,19,Птицы,Красная книга РФ,2019
Забайкальский национальный парк,1,Млекопитающие,Красная книга РФ,2019
Прибайкальский национальный парк,2,Рыбы,Красная книга РФ,2019
Прибайкальский национальный парк,0,Земноводные,Красная книга РФ,2019
Прибайкальский национальный парк,0,Пресмыкающиеся,Красная книга РФ,2019
Прибайкальский национальный парк,32,Птицы,Красная книга РФ,2019
Прибайкальский национальный парк,1,Млекопитающие,Красная книга РФ,2019
Тункинский национальный парк,2,Рыбы,Красная книга РФ,2019
Тункинский национальный парк,0,Земноводные,Красная книга РФ,2019
Тункинский национальный парк,0,Пресмыкающиеся,Красная книга РФ,2019
Тункинский национальный парк,37,Птицы,Красная книга РФ,2019
Тункинский национальный парк,6,Млекопитающие,Красная книга РФ,2019
"Национальный парк ""Чикой""",3,Рыбы,Красная книга РФ,2019
"Национальный парк ""Чикой""",0,Земноводные,Красная книга РФ,2019
"Национальный парк ""Чикой""",1,Пресмыкающиеся,Красная книга РФ,2019
"Национальный парк ""Чикой""",29,Птицы,Красная книга РФ,2019
"Национальный парк ""Чикой""",4,Млекопитающие,Красная книга РФ,2019
Байкальский заповедник,2,Рыбы,Красная книга СРФ,2019
Байкальский заповедник,1,Земноводные,Красная книга СРФ,2019
Байкальский заповедник,0,Пресмыкающиеся,Красная книга СРФ,2019
Байкальский заповедник,64,Птицы,Красная книга СРФ,2019
Байкальский заповедник,5,Млекопитающие,Красная книга СРФ,2019
Байкало-Ленский заповедник,1,Рыбы,Красная книга СРФ,2019
Байкало-Ленский заповедник,0,Земноводные,Красная книга СРФ,2019
Байкало-Ленский заповедник,0,Пресмыкающиеся,Красная книга СРФ,2019
Байкало-Ленский заповедник,41,Птицы,Красная книга СРФ,2019
Байкало-Ленский заповедник,3,Млекопитающие,Красная книга СРФ,2019
Баргузинский заповедник,3,Рыбы,Красная книга СРФ,2019
Баргузинский заповедник,1,Земноводные,Красная книга СРФ,2019
Баргузинский заповедник,4,Пресмыкающиеся,Красная книга СРФ,2019
Баргузинский заповедник,55,Птицы,Красная книга СРФ,2019
Баргузинский заповедник,3,Млекопитающие,Красная книга СРФ,2019
Джергинский заповедник,2,Рыбы,Красная книга СРФ,2019
Джергинский заповедник,1,Земноводные,Красная книга СРФ,2019
Джергинский заповедник,3,Пресмыкающиеся,Красная книга СРФ,2019
Джергинский заповедник,30,Птицы,Красная книга СРФ,2019
Джергинский заповедник,2,Млекопитающие,Красная книга СРФ,2019
Сохондинский заповедник,1,Рыбы,Красная книга СРФ,2019
Сохондинский заповедник,0,Земноводные,Красная книга СРФ,2019
Сохондинский заповедник,0,Пресмыкающиеся,Красная книга СРФ,2019
Сохондинский заповедник,27,Птицы,Красная книга СРФ,2019
Сохондинский заповедник,4,Млекопитающие,Красная книга СРФ,2019
Забайкальский национальный парк,3,Рыбы,Красная книга СРФ,2019
Забайкальский национальный парк,1,Земноводные,Красная книга СРФ,2019
Забайкальский национальный парк,1,Пресмыкающиеся,Красная книга СРФ,2019
Забайкальский национальный парк,41,Птицы,Красная книга СРФ,2019
Забайкальский национальный парк,4,Млекопитающие,Красная книга СРФ,2019
Прибайкальский национальный парк,2,Рыбы,Красная книга СРФ,2019
Прибайкальский национальный парк,1,Земноводные,Красная книга СРФ,2019
Прибайкальский национальный парк,1,Пресмыкающиеся,Красная книга СРФ,2019
Прибайкальский национальный парк,54,Птицы,Красная книга СРФ,2019
Прибайкальский национальный парк,7,Млекопитающие,Красная книга СРФ,2019
Тункинский национальный парк,2,Рыбы,Красная книга СРФ,2019
Тункинский национальный парк,1,Земноводные,Красная книга СРФ,2019
Тункинский национальный парк,2,Пресмыкающиеся,Красная книга СРФ,2019
Тункинский национальный парк,75,Птицы,Красная книга СРФ,2019
Тункинский национальный парк,11,Млекопитающие,Красная книга СРФ,2019
"Национальный парк ""Чикой""",5,Рыбы,Красная книга СРФ,2019
"Национальный парк ""Чикой""",1,Земноводные,Красная книга СРФ,2019
"Национальный парк ""Чикой""",2,Пресмыкающиеся,Красная книга СРФ,2019
"Национальный парк ""Чикой""",44,Птицы,Красная книга СРФ,2019
"Национальный парк ""Чикой""",8,Млекопитающие,Красная книга СРФ,2019
Байкальский заповедник,12,Рыбы,Всего,2020
Байкальский заповедник,2,Земноводные,Всего,2020
Байкальский заповедник,2,Пресмыкающиеся,Всего,2020
Байкальский заповедник,287,Птицы,Всего,2020
Байкальский заповедник,52,Млекопитающие,Всего,2020
Байкало-Ленский заповедник,15,Рыбы,Всего,2020
Байкало-Ленский заповедник,3,Земноводные,Всего,2020
Байкало-Ленский заповедник,4,Пресмыкающиеся,Всего,2020
Байкало-Ленский заповедник,277,Птицы,Всего,2020
Байкало-Ленский заповедник,52,Млекопитающие,Всего,2020
Баргузинский заповедник,37,Рыбы,Всего,2020
Баргузинский заповедник,3,Земноводные,Всего,2020
Баргузинский заповедник,6,Пресмыкающиеся,Всего,2020
Баргузинский заповедник,290,Птицы,Всего,2020
Баргузинский заповедник,44,Млекопитающие,Всего,2020
Джергинский заповедник,8,Рыбы,Всего,2020
Джергинский заповедник,3,Земноводные,Всего,2020
Джергинский заповедник,5,Пресмыкающиеся,Всего,2020
Джергинский заповедник,146,Птицы,Всего,2020
Джергинский заповедник,43,Млекопитающие,Всего,2020
Сохондинский заповедник,8,Рыбы,Всего,2020
Сохондинский заповедник,3,Земноводные,Всего,2020
Сохондинский заповедник,4,Пресмыкающиеся,Всего,2020
Сохондинский заповедник,203,Птицы,Всего,2020
Сохондинский заповедник,59,Млекопитающие,Всего,2020
Забайкальский национальный парк,30,Рыбы,Всего,2020
Забайкальский национальный парк,3,Земноводные,Всего,2020
Забайкальский национальный парк,3,Пресмыкающиеся,Всего,2020
Забайкальский национальный парк,270,Птицы,Всего,2020
Забайкальский национальный парк,50,Млекопитающие,Всего,2020
Прибайкальский национальный парк,24,Рыбы,Всего,2020
Прибайкальский национальный парк,4,Земноводные,Всего,2020
Прибайкальский национальный парк,5,Пресмыкающиеся,Всего,2020
Прибайкальский национальный парк,307,Птицы,Всего,2020
Прибайкальский национальный парк,63,Млекопитающие,Всего,2020
Тункинский национальный парк,18,Рыбы,Всего,2020
Тункинский национальный парк,4,Земноводные,Всего,2020
Тункинский национальный парк,5,Пресмыкающиеся,Всего,2020
Тункинский национальный парк,237,Птицы,Всего,2020
Тункинский национальный парк,56,Млекопитающие,Всего,2020
"Национальный парк ""Чикой""",16,Рыбы,Всего,2020
"Национальный парк ""Чикой""",6,Земноводные,Всего,2020
"Национальный парк ""Чикой""",5,Пресмыкающиеся,Всего,2020
"Национальный парк ""Чикой""",155,Птицы,Всего,2020
"Национальный парк ""Чикой""",67,Млекопитающие,Всего,2020
Байкальский заповедник,0,Рыбы,Эндемичные виды,2020
Байкальский заповедник,0,Земноводные,Эндемичные виды,2020
Байкальский заповедник,0,Пресмыкающиеся,Эндемичные виды,2020
Байкальский заповедник,0,Птицы,Эндемичные виды,2020
Байкальский заповедник,0,Млекопитающие,Эндемичные виды,2020
Байкало-Ленский заповедник,0,Рыбы,Эндемичные виды,2020
Байкало-Ленский заповедник,0,Земноводные,Эндемичные виды,2020
Байкало-Ленский заповедник,0,Пресмыкающиеся,Эндемичные виды,2020
Байкало-Ленский заповедник,0,Птицы,Эндемичные виды,2020
Байкало-Ленский заповедник,1,Млекопитающие,Эндемичные виды,2020
Баргузинский заповедник,23,Рыбы,Эндемичные виды,2020
Баргузинский заповедник,0,Земноводные,Эндемичные виды,2020
Баргузинский заповедник,0,Пресмыкающиеся,Эндемичные виды,2020
Баргузинский заповедник,0,Птицы,Эндемичные виды,2020
Баргузинский заповедник,1,Млекопитающие,Эндемичные виды,2020
Джергинский заповедник,0,Рыбы,Эндемичные виды,2020
Джергинский заповедник,0,Земноводные,Эндемичные виды,2020
Джергинский заповедник,0,Пресмыкающиеся,Эндемичные виды,2020
Джергинский заповедник,0,Птицы,Эндемичные виды,2020
Джергинский заповедник,0,Млекопитающие,Эндемичные виды,2020
Сохондинский заповедник,0,Рыбы,Эндемичные виды,2020
Сохондинский заповедник,0,Земноводные,Эндемичные виды,2020
Сохондинский заповедник,0,Пресмыкающиеся,Эндемичные виды,2020
Сохондинский заповедник,0,Птицы,Эндемичные виды,2020
Сохондинский заповедник,0,Млекопитающие,Эндемичные виды,2020
Забайкальский национальный парк,13,Рыбы,Эндемичные виды,2020
Забайкальский национальный парк,0,Земноводные,Эндемичные виды,2020
Забайкальский национальный парк,0,Пресмыкающиеся,Эндемичные виды,2020
Забайкальский национальный парк,0,Птицы,Эндемичные виды,2020
Забайкальский национальный парк,1,Млекопитающие,Эндемичные виды,2020
Прибайкальский национальный парк,4,Рыбы,Эндемичные виды,2020
Прибайкальский национальный парк,0,Земноводные,Эндемичные виды,2020
Прибайкальский национальный парк,0,Пресмыкающиеся,Эндемичные виды,2020
Прибайкальский национальный парк,0,Птицы,Эндемичные виды,2020
Прибайкальский национальный парк,2,Млекопитающие,Эндемичные виды,2020
Тункинский национальный парк,0,Рыбы,Эндемичные виды,2020
Тункинский национальный парк,0,Земноводные,Эндемичные виды,2020
Тункинский национальный парк,0,Пресмыкающиеся,Эндемичные виды,2020
Тункинский национальный парк,0,Птицы,Эндемичные виды,2020
Тункинский национальный парк,0,Млекопитающие,Эндемичные виды,2020
"Национальный парк ""Чикой""",0,Рыбы,Эндемичные виды,2020
"Национальный парк ""Чикой""",0,Земноводные,Эндемичные виды,2020
"Национальный парк ""Чикой""",0,Пресмыкающиеся,Эндемичные виды,2020
"Национальный парк ""Чикой""",0,Птицы,Эндемичные виды,2020
"Национальный парк ""Чикой""",0,Млекопитающие,Эндемичные виды,2020
Байкальский заповедник,1,Рыбы,Красная книга РФ,2020
Байкальский заповедник,0,Земноводные,Красная книга РФ,2020
Байкальский заповедник,0,Пресмыкающиеся,Красная книга РФ,2020
Байкальский заповедник,18,Птицы,Красная книга РФ,2020
Байкальский заповедник,1,Млекопитающие,Красная книга РФ,2020
Байкало-Ленский заповедник,2,Рыбы,Красная книга РФ,2020
Байкало-Ленский заповедник,0,Земноводные,Красная книга РФ,2020
Байкало-Ленский заповедник,0,Пресмыкающиеся,Красная книга РФ,2020
Байкало-Ленский заповедник,23,Птицы,Красная книга РФ,2020
Байкало-Ленский заповедник,1,Млекопитающие,Красная книга РФ,2020
Баргузинский заповедник,3,Рыбы,Красная книга РФ,2020
Баргузинский заповедник,0,Земноводные,Красная книга РФ,2020
Баргузинский заповедник,0,Пресмыкающиеся,Красная книга РФ,2020
Баргузинский заповедник,18,Птицы,Красная книга РФ,2020
Баргузинский заповедник,1,Млекопитающие,Красная книга РФ,2020
Джергинский заповедник,2,Рыбы,Красная книга РФ,2020
Джергинский заповедник,0,Земноводные,Красная книга РФ,2020
Джергинский заповедник,0,Пресмыкающиеся,Красная книга РФ,2020
Джергинский заповедник,14,Птицы,Красная книга РФ,2020
Джергинский заповедник,1,Млекопитающие,Красная книга РФ,2020
Сохондинский заповедник,0,Рыбы,Красная книга РФ,2020
Сохондинский заповедник,0,Земноводные,Красная книга РФ,2020
Сохондинский заповедник,0,Пресмыкающиеся,Красная книга РФ,2020
Сохондинский заповедник,3,Птицы,Красная книга РФ,2020
Сохондинский заповедник,0,Млекопитающие,Красная книга РФ,2020
Забайкальский национальный парк,3,Рыбы,Красная книга РФ,2020
Забайкальский национальный парк,0,Земноводные,Красная книга РФ,2020
Забайкальский национальный парк,0,Пресмыкающиеся,Красная книга РФ,2020
Забайкальский национальный парк,16,Птицы,Красная книга РФ,2020
Забайкальский национальный парк,1,Млекопитающие,Красная книга РФ,2020
Прибайкальский национальный парк,2,Рыбы,Красная книга РФ,2020
Прибайкальский национальный парк,0,Земноводные,Красная книга РФ,2020
Прибайкальский национальный парк,0,Пресмыкающиеся,Красная книга РФ,2020
Прибайкальский национальный парк,27,Птицы,Красная книга РФ,2020
Прибайкальский национальный парк,1,Млекопитающие,Красная книга РФ,2020
Тункинский национальный парк,2,Рыбы,Красная книга РФ,2020
Тункинский национальный парк,0,Земноводные,Красная книга РФ,2020
Тункинский национальный парк,0,Пресмыкающиеся,Красная книга РФ,2020
Тункинский национальный парк,40,Птицы,Красная книга РФ,2020
Тункинский национальный парк,6,Млекопитающие,Красная книга РФ,2020
"Национальный парк ""Чикой""",0,Рыбы,Красная книга РФ,2020
"Национальный парк ""Чикой""",0,Земноводные,Красная книга РФ,2020
"Национальный парк ""Чикой""",0,Пресмыкающиеся,Красная книга РФ,2020
"Национальный парк ""Чикой""",11,Птицы,Красная книга РФ,2020
"Национальный парк ""Чикой""",3,Млекопитающие,Красная книга РФ,2020
Байкальский заповедник,2,Рыбы,Красная книга СРФ,2020
Байкальский заповедник,1,Земноводные,Красная книга СРФ,2020
Байкальский заповедник,0,Пресмыкающиеся,Красная книга СРФ,2020
Байкальский заповедник,56,Птицы,Красная книга СРФ,2020
Байкальский заповедник,6,Млекопитающие,Красная книга СРФ,2020
Байкало-Ленский заповедник,2,Рыбы,Красная книга СРФ,2020
Байкало-Ленский заповедник,0,Земноводные,Красная книга СРФ,2020
Байкало-Ленский заповедник,0,Пресмыкающиеся,Красная книга СРФ,2020
Байкало-Ленский заповедник,39,Птицы,Красная книга СРФ,2020
Байкало-Ленский заповедник,3,Млекопитающие,Красная книга СРФ,2020
Баргузинский заповедник,3,Рыбы,Красная книга СРФ,2020
Баргузинский заповедник,1,Земноводные,Красная книга СРФ,2020
Баргузинский заповедник,4,Пресмыкающиеся,Красная книга СРФ,2020
Баргузинский заповедник,52,Птицы,Красная книга СРФ,2020
Баргузинский заповедник,4,Млекопитающие,Красная книга СРФ,2020
Джергинский заповедник,2,Рыбы,Красная книга СРФ,2020
Джергинский заповедник,1,Земноводные,Красная книга СРФ,2020
Джергинский заповедник,3,Пресмыкающиеся,Красная книга СРФ,2020
Джергинский заповедник,29,Птицы,Красная книга СРФ,2020
Джергинский заповедник,2,Млекопитающие,Красная книга СРФ,2020
Сохондинский заповедник,1,Рыбы,Красная книга СРФ,2020
Сохондинский заповедник,0,Земноводные,Красная книга СРФ,2020
Сохондинский заповедник,0,Пресмыкающиеся,Красная книга СРФ,2020
Сохондинский заповедник,27,Птицы,Красная книга СРФ,2020
Сохондинский заповедник,4,Млекопитающие,Красная книга СРФ,2020
Забайкальский национальный парк,3,Рыбы,Красная книга СРФ,2020
Забайкальский национальный парк,1,Земноводные,Красная книга СРФ,2020
Забайкальский национальный парк,1,Пресмыкающиеся,Красная книга СРФ,2020
Забайкальский национальный парк,50,Птицы,Красная книга СРФ,2020
Забайкальский национальный парк,3,Млекопитающие,Красная книга СРФ,2020
Прибайкальский национальный парк,2,Рыбы,Красная книга СРФ,2020
Прибайкальский национальный парк,1,Земноводные,Красная книга СРФ,2020
Прибайкальский национальный парк,1,Пресмыкающиеся,Красная книга СРФ,2020
Прибайкальский национальный парк,51,Птицы,Красная книга СРФ,2020
Прибайкальский национальный парк,7,Млекопитающие,Красная книга СРФ,2020
Тункинский национальный парк,2,Рыбы,Красная книга СРФ,2020
Тункинский национальный парк,1,Земноводные,Красная книга СРФ,2020
Тункинский национальный парк,2,Пресмыкающиеся,Красная книга СРФ,2020
Тункинский национальный парк,77,Птицы,Красная книга СРФ,2020
Тункинский национальный парк,11,Млекопитающие,Красная книга СРФ,2020
"Национальный парк ""Чикой""",1,Рыбы,Красная книга СРФ,2020
"Национальный парк ""Чикой""",0,Земноводные,Красная книга СРФ,2020
"Национальный парк ""Чикой""",0,Пресмыкающиеся,Красная книга СРФ,2020
"Национальный парк ""Чикой""",15,Птицы,Красная книга СРФ,2020
"Национальный парк ""Чикой""",7,Млекопитающие,Красная книга СРФ,2020
Байкало-Ленский заповедник,15.0,Рыбы,Всего,2021
Байкальский заповедник,17.0,Рыбы,Всего,2021
Баргузинский заповедник,37.0,Рыбы,Всего,2021
Джергинский заповедник,,Рыбы,Всего,2021
Сохондинский заповедник,,Рыбы,Всего,2021
Забайкальский национальный парк,30.0,Рыбы,Всего,2021
Прибайкальский национальный парк,24.0,Рыбы,Всего,2021
Тункинский национальный парк,,Рыбы,Всего,2021
"Национальный парк ""Чикой""",16.0,Рыбы,Всего,2021
Байкало-Ленский заповедник,2.0,Рыбы,Красная книга РФ,2021
Байкальский заповедник,2.0,Рыбы,Красная книга РФ,2021
Баргузинский заповедник,3.0,Рыбы,Красная книга РФ,2021
Джергинский заповедник,2.0,Рыбы,Красная книга РФ,2021
Сохондинский заповедник,,Рыбы,Красная книга РФ,2021
Забайкальский национальный парк,3.0,Рыбы,Красная книга РФ,2021
Прибайкальский национальный парк,2.0,Рыбы,Красная книга РФ,2021
Тункинский национальный парк,2.0,Рыбы,Красная книга РФ,2021
"Национальный парк ""Чикой""",3.0,Рыбы,Красная книга РФ,2021
Байкало-Ленский заповедник,2.0,Рыбы,Красная книга СРФ,2021
Байкальский заповедник,,Рыбы,Красная книга СРФ,2021
Баргузинский заповедник,3.0,Рыбы,Красная книга СРФ,2021
Джергинский заповедник,2.0,Рыбы,Красная книга СРФ,2021
Сохондинский заповедник,,Рыбы,Красная книга СРФ,2021
Забайкальский национальный парк,3.0,Рыбы,Красная книга СРФ,2021
Прибайкальский национальный парк,2.0,Рыбы,Красная книга СРФ,2021
Тункинский национальный парк,2.0,Рыбы,Красная книга СРФ,2021
"Национальный парк ""Чикой""",1.0,Рыбы,Красная книга СРФ,2021
Байкало-Ленский заповедник,0.0,Рыбы,Эндемичные виды,2021
Байкальский заповедник,0.0,Рыбы,Эндемичные виды,2021
Баргузинский заповедник,23.0,Рыбы,Эндемичные виды,2021
Джергинский заповедник,0.0,Рыбы,Эндемичные виды,2021
Сохондинский заповедник,,Рыбы,Эндемичные виды,2021
Забайкальский национальный парк,16.0,Рыбы,Эндемичные виды,2021
Прибайкальский национальный парк,4.0,Рыбы,Эндемичные виды,2021
Тункинский национальный парк,0.0,Рыбы,Эндемичные виды,2021
"Национальный парк ""Чикой""",0.0,Рыбы,Эндемичные виды,2021
Байкало-Ленский заповедник,3.0,Земноводные,Всего,2021
Байкальский заповедник,2.0,Земноводные,Всего,2021
Баргузинский заповедник,3.0,Земноводные,Всего,2021
Джергинский заповедник,,Земноводные,Всего,2021
Сохондинский заповедник,,Земноводные,Всего,2021
Забайкальский национальный парк,3.0,Земноводные,Всего,2021
Прибайкальский национальный парк,4.0,Земноводные,Всего,2021
Тункинский национальный парк,,Земноводные,Всего,2021
"Национальный парк ""Чикой""",6.0,Земноводные,Всего,2021
Байкало-Ленский заповедник,0.0,Земноводные,Красная книга РФ,2021
Байкальский заповедник,0.0,Земноводные,Красная книга РФ,2021
Баргузинский заповедник,0.0,Земноводные,Красная книга РФ,2021
Джергинский заповедник,0.0,Земноводные,Красная книга РФ,2021
Сохондинский заповедник,,Земноводные,Красная книга РФ,2021
Забайкальский национальный парк,0.0,Земноводные,Красная книга РФ,2021
Прибайкальский национальный парк,0.0,Земноводные,Красная книга РФ,2021
Тункинский национальный парк,1.0,Земноводные,Красная книга РФ,2021
"Национальный парк ""Чикой""",0.0,Земноводные,Красная книга РФ,2021
Байкало-Ленский заповедник,0.0,Земноводные,Красная книга СРФ,2021
Байкальский заповедник,,Земноводные,Красная книга СРФ,2021
Баргузинский заповедник,1.0,Земноводные,Красная книга СРФ,2021
Джергинский заповедник,1.0,Земноводные,Красная книга СРФ,2021
Сохондинский заповедник,,Земноводные,Красная книга СРФ,2021
Забайкальский национальный парк,1.0,Земноводные,Красная книга СРФ,2021
Прибайкальский национальный парк,1.0,Земноводные,Красная книга СРФ,2021
Тункинский национальный парк,1.0,Земноводные,Красная книга СРФ,2021
"Национальный парк ""Чикой""",1.0,Земноводные,Красная книга СРФ,2021
Байкало-Ленский заповедник,0.0,Земноводные,Эндемичные виды,2021
Байкальский заповедник,0.0,Земноводные,Эндемичные виды,2021
Баргузинский заповедник,0.0,Земноводные,Эндемичные виды,2021
Джергинский заповедник,0.0,Земноводные,Эндемичные виды,2021
Сохондинский заповедник,,Земноводные,Эндемичные виды,2021
Забайкальский национальный парк,0.0,Земноводные,Эндемичные виды,2021
Прибайкальский национальный парк,0.0,Земноводные,Эндемичные виды,2021
Тункинский национальный парк,0.0,Земноводные,Эндемичные виды,2021
"Национальный парк ""Чикой""",0.0,Земноводные,Эндемичные виды,2021
Байкало-Ленский заповедник,4.0,Пресмыкающиеся,Всего,2021
Байкальский заповедник,2.0,Пресмыкающиеся,Всего,2021
Баргузинский заповедник,6.0,Пресмыкающиеся,Всего,2021
Джергинский заповедник,,Пресмыкающиеся,Всего,2021
Сохондинский заповедник,,Пресмыкающиеся,Всего,2021
Забайкальский национальный парк,3.0,Пресмыкающиеся,Всего,2021
Прибайкальский национальный парк,5.0,Пресмыкающиеся,Всего,2021
Тункинский национальный парк,,Пресмыкающиеся,Всего,2021
"Национальный парк ""Чикой""",5.0,Пресмыкающиеся,Всего,2021
Байкало-Ленский заповедник,0.0,Пресмыкающиеся,Красная книга РФ,2021
Байкальский заповедник,0.0,Пресмыкающиеся,Красная книга РФ,2021
Баргузинский заповедник,0.0,Пресмыкающиеся,Красная книга РФ,2021
Джергинский заповедник,0.0,Пресмыкающиеся,Красная книга РФ,2021
Сохондинский заповедник,,Пресмыкающиеся,Красная книга РФ,2021
Забайкальский национальный парк,0.0,Пресмыкающиеся,Красная книга РФ,2021
Прибайкальский национальный парк,0.0,Пресмыкающиеся,Красная книга РФ,2021
Тункинский национальный парк,2.0,Пресмыкающиеся,Красная книга РФ,2021
"Национальный парк ""Чикой""",1.0,Пресмыкающиеся,Красная книга РФ,2021
Байкало-Ленский заповедник,0.0,Пресмыкающиеся,Красная книга СРФ,2021
Байкальский заповедник,,Пресмыкающиеся,Красная книга СРФ,2021
Баргузинский заповедник,4.0,Пресмыкающиеся,Красная книга СРФ,2021
Джергинский заповедник,3.0,Пресмыкающиеся,Красная книга СРФ,2021
Сохондинский заповедник,,Пресмыкающиеся,Красная книга СРФ,2021
Забайкальский национальный парк,1.0,Пресмыкающиеся,Красная книга СРФ,2021
Прибайкальский национальный парк,1.0,Пресмыкающиеся,Красная книга СРФ,2021
Тункинский национальный парк,2.0,Пресмыкающиеся,Красная книга СРФ,2021
"Национальный парк ""Чикой""",2.0,Пресмыкающиеся,Красная книга СРФ,2021
Байкало-Ленский заповедник,0.0,Пресмыкающиеся,Эндемичные виды,2021
Байкальский заповедник,0.0,Пресмыкающиеся,Эндемичные виды,2021
Баргузинский заповедник,0.0,Пресмыкающиеся,Эндемичные виды,2021
Джергинский заповедник,0.0,Пресмыкающиеся,Эндемичные виды,2021
Сохондинский заповедник,,Пресмыкающиеся,Эндемичные виды,2021
Забайкальский национальный парк,0.0,Пресмыкающиеся,Эндемичные виды,2021
Прибайкальский национальный парк,0.0,Пресмыкающиеся,Эндемичные виды,2021
Тункинский национальный парк,0.0,Пресмыкающиеся,Эндемичные виды,2021
"Национальный парк ""Чикой""",0.0,Пресмыкающиеся,Эндемичные виды,2021
Байкало-Ленский заповедник,277.0,Птицы,Всего,2021
Байкальский заповедник,308.0,Птицы,Всего,2021
Баргузинский заповедник,290.0,Птицы,Всего,2021
Джергинский заповедник,,Птицы,Всего,2021
Сохондинский заповедник,,Птицы,Всего,2021
Забайкальский национальный парк,269.0,Птицы,Всего,2021
Прибайкальский национальный парк,307.0,Птицы,Всего,2021
Тункинский национальный парк,,Птицы,Всего,2021
"Национальный парк ""Чикой""",155.0,Птицы,Всего,2021
Байкало-Ленский заповедник,30.0,Птицы,Красная книга РФ,2021
Байкальский заповедник,31.0,Птицы,Красная книга РФ,2021
Баргузинский заповедник,29.0,Птицы,Красная книга РФ,2021
Джергинский заповедник,17.0,Птицы,Красная книга РФ,2021
Сохондинский заповедник,10.0,Птицы,Красная книга РФ,2021
Забайкальский национальный парк,34.0,Птицы,Красная книга РФ,2021
Прибайкальский национальный парк,39.0,Птицы,Красная книга РФ,2021
Тункинский национальный парк,36.0,Птицы,Красная книга РФ,2021
"Национальный парк ""Чикой""",29.0,Птицы,Красная книга РФ,2021
Байкало-Ленский заповедник,39.0,Птицы,Красная книга СРФ,2021
Байкальский заповедник,,Птицы,Красная книга СРФ,2021
Баргузинский заповедник,52.0,Птицы,Красная книга СРФ,2021
Джергинский заповедник,32.0,Птицы,Красная книга СРФ,2021
Сохондинский заповедник,14.0,Птицы,Красная книга СРФ,2021
Забайкальский национальный парк,50.0,Птицы,Красная книга СРФ,2021
Прибайкальский национальный парк,51.0,Птицы,Красная книга СРФ,2021
Тункинский национальный парк,93.0,Птицы,Красная книга СРФ,2021
"Национальный парк ""Чикой""",44.0,Птицы,Красная книга СРФ,2021
Байкало-Ленский заповедник,0.0,Птицы,Эндемичные виды,2021
Байкальский заповедник,0.0,Птицы,Эндемичные виды,2021
Баргузинский заповедник,0.0,Птицы,Эндемичные виды,2021
Джергинский заповедник,0.0,Птицы,Эндемичные виды,2021
Сохондинский заповедник,0.0,Птицы,Эндемичные виды,2021
Забайкальский национальный парк,0.0,Птицы,Эндемичные виды,2021
Прибайкальский национальный парк,0.0,Птицы,Эндемичные виды,2021
Тункинский национальный парк,0.0,Птицы,Эндемичные виды,2021
"Национальный парк ""Чикой""",0.0,Птицы,Эндемичные виды,2021
Байкало-Ленский заповедник,52.0,Млекопитающие,Всего,2021
Байкальский заповедник,52.0,Млекопитающие,Всего,2021
Баргузинский заповедник,44.0,Млекопитающие,Всего,2021
Джергинский заповедник,,Млекопитающие,Всего,2021
Сохондинский заповедник,,Млекопитающие,Всего,2021
Забайкальский национальный парк,50.0,Млекопитающие,Всего,2021
Прибайкальский национальный парк,63.0,Млекопитающие,Всего,2021
Тункинский национальный парк,,Млекопитающие,Всего,2021
"Национальный парк ""Чикой""",67.0,Млекопитающие,Всего,2021
Байкало-Ленский заповедник,1.0,Млекопитающие,Красная книга РФ,2021
Байкальский заповедник,1.0,Млекопитающие,Красная книга РФ,2021
Баргузинский заповедник,1.0,Млекопитающие,Красная книга РФ,2021
Джергинский заповедник,1.0,Млекопитающие,Красная книга РФ,2021
Сохондинский заповедник,1.0,Млекопитающие,Красная книга РФ,2021
Забайкальский национальный парк,1.0,Млекопитающие,Красная книга РФ,2021
Прибайкальский национальный парк,1.0,Млекопитающие,Красная книга РФ,2021
Тункинский национальный парк,11.0,Млекопитающие,Красная книга РФ,2021
"Национальный парк ""Чикой""",4.0,Млекопитающие,Красная книга РФ,2021
Байкало-Ленский заповедник,3.0,Млекопитающие,Красная книга СРФ,2021
Байкальский заповедник,,Млекопитающие,Красная книга СРФ,2021
Баргузинский заповедник,4.0,Млекопитающие,Красная книга СРФ,2021
Джергинский заповедник,2.0,Млекопитающие,Красная книга СРФ,2021
Сохондинский заповедник,6.0,Млекопитающие,Красная книга СРФ,2021
Забайкальский национальный парк,3.0,Млекопитающие,Красная книга СРФ,2021
Прибайкальский национальный парк,7.0,Млекопитающие,Красная книга СРФ,2021
Тункинский национальный парк,9.0,Млекопитающие,Красная книга СРФ,2021
"Национальный парк ""Чикой""",8.0,Млекопитающие,Красная книга СРФ,2021
Байкало-Ленский заповедник,1.0,Млекопитающие,Эндемичные виды,2021
Байкальский заповедник,0.0,Млекопитающие,Эндемичные виды,2021
Баргузинский заповедник,1.0,Млекопитающие,Эндемичные виды,2021
Джергинский заповедник,0.0,Млекопитающие,Эндемичные виды,2021
Сохондинский заповедник,0.0,Млекопитающие,Эндемичные виды,2021
Забайкальский национальный парк,1.0,Млекопитающие,Эндемичные виды,2021
Прибайкальский национальный парк,2.0,Млекопитающие,Эндемичные виды,2021
Тункинский национальный парк,0.0,Млекопитающие,Эндемичные виды,2021
"Национальный парк ""Чикой""",0.0,Млекопитающие,Эндемичные виды,2021
Байкало-Ленский заповедник,15.0,Рыбы,Всего,2022
Байкальский заповедник,17.0,Рыбы,Всего,2022
Баргузинский заповедник,37.0,Рыбы,Всего,2022
Джергинский заповедник,8.0,Рыбы,Всего,2022
Сохондинский заповедник,8.0,Рыбы,Всего,2022
Забайкальский национальный парк,24.0,Рыбы,Всего,2022
Прибайкальский национальный парк,30.0,Рыбы,Всего,2022
Тункинский национальный парк,17.0,Рыбы,Всего,2022
"Национальный парк ""Чикой""",16.0,Рыбы,Всего,2022
Байкало-Ленский заповедник,2.0,Рыбы,Красная книга РФ,2022
Байкальский заповедник,2.0,Рыбы,Красная книга РФ,2022
Баргузинский заповедник,3.0,Рыбы,Красная книга РФ,2022
Джергинский заповедник,2.0,Рыбы,Красная книга РФ,2022
Сохондинский заповедник,0.0,Рыбы,Красная книга РФ,2022
Забайкальский национальный парк,2.0,Рыбы,Красная книга РФ,2022
Прибайкальский национальный парк,3.0,Рыбы,Красная книга РФ,2022
Тункинский национальный парк,2.0,Рыбы,Красная книга РФ,2022
"Национальный парк ""Чикой""",2.0,Рыбы,Красная книга РФ,2022
Байкало-Ленский заповедник,2.0,Рыбы,Красная книга СРФ,2022
Байкальский заповедник,2.0,Рыбы,Красная книга СРФ,2022
Баргузинский заповедник,3.0,Рыбы,Красная книга СРФ,2022
Джергинский заповедник,2.0,Рыбы,Красная книга СРФ,2022
Сохондинский заповедник,1.0,Рыбы,Красная книга СРФ,2022
Забайкальский национальный парк,2.0,Рыбы,Красная книга СРФ,2022
Прибайкальский национальный парк,3.0,Рыбы,Красная книга СРФ,2022
Тункинский национальный парк,0.0,Рыбы,Красная книга СРФ,2022
"Национальный парк ""Чикой""",1.0,Рыбы,Красная книга СРФ,2022
Байкало-Ленский заповедник,0.0,Рыбы,Эндемичные виды,2022
Байкальский заповедник,0.0,Рыбы,Эндемичные виды,2022
Баргузинский заповедник,23.0,Рыбы,Эндемичные виды,2022
Джергинский заповедник,0.0,Рыбы,Эндемичные виды,2022
Сохондинский заповедник,,Рыбы,Эндемичные виды,2022
Забайкальский национальный парк,4.0,Рыбы,Эндемичные виды,2022
Прибайкальский национальный парк,16.0,Рыбы,Эндемичные виды,2022
Тункинский национальный парк,0.0,Рыбы,Эндемичные виды,2022
"Национальный парк ""Чикой""",0.0,Рыбы,Эндемичные виды,2022
Байкало-Ленский заповедник,3.0,Земноводные,Всего,2022
Байкальский заповедник,2.0,Земноводные,Всего,2022
Баргузинский заповедник,3.0,Земноводные,Всего,2022
Джергинский заповедник,3.0,Земноводные,Всего,2022
Сохондинский заповедник,3.0,Земноводные,Всего,2022
Забайкальский национальный парк,4.0,Земноводные,Всего,2022
Прибайкальский национальный парк,3.0,Земноводные,Всего,2022
Тункинский национальный парк,3.0,Земноводные,Всего,2022
"Национальный парк ""Чикой""",2.0,Земноводные,Всего,2022
Байкало-Ленский заповедник,0.0,Земноводные,Красная книга РФ,2022
Байкальский заповедник,0.0,Земноводные,Красная книга РФ,2022
Баргузинский заповедник,0.0,Земноводные,Красная книга РФ,2022
Джергинский заповедник,0.0,Земноводные,Красная книга РФ,2022
Сохондинский заповедник,0.0,Земноводные,Красная книга РФ,2022
Забайкальский национальный парк,0.0,Земноводные,Красная книга РФ,2022
Прибайкальский национальный парк,0.0,Земноводные,Красная книга РФ,2022
Тункинский национальный парк,0.0,Земноводные,Красная книга РФ,2022
"Национальный парк ""Чикой""",0.0,Земноводные,Красная книга РФ,2022
Байкало-Ленский заповедник,0.0,Земноводные,Красная книга СРФ,2022
Байкальский заповедник,1.0,Земноводные,Красная книга СРФ,2022
Баргузинский заповедник,1.0,Земноводные,Красная книга СРФ,2022
Джергинский заповедник,1.0,Земноводные,Красная книга СРФ,2022
Сохондинский заповедник,0.0,Земноводные,Красная книга СРФ,2022
Забайкальский национальный парк,1.0,Земноводные,Красная книга СРФ,2022
Прибайкальский национальный парк,1.0,Земноводные,Красная книга СРФ,2022
Тункинский национальный парк,0.0,Земноводные,Красная книга СРФ,2022
"Национальный парк ""Чикой""",0.0,Земноводные,Красная книга СРФ,2022
Байкало-Ленский заповедник,0.0,Земноводные,Эндемичные виды,2022
Байкальский заповедник,0.0,Земноводные,Эндемичные виды,2022
Баргузинский заповедник,0.0,Земноводные,Эндемичные виды,2022
Джергинский заповедник,0.0,Земноводные,Эндемичные виды,2022
Сохондинский заповедник,,Земноводные,Эндемичные виды,2022
Забайкальский национальный парк,0.0,Земноводные,Эндемичные виды,2022
Прибайкальский национальный парк,0.0,Земноводные,Эндемичные виды,2022
Тункинский национальный парк,0.0,Земноводные,Эндемичные виды,2022
"Национальный парк ""Чикой""",0.0,Земноводные,Эндемичные виды,2022
Байкало-Ленский заповедник,4.0,Пресмыкающиеся,Всего,2022
Байкальский заповедник,2.0,Пресмыкающиеся,Всего,2022
Баргузинский заповедник,6.0,Пресмыкающиеся,Всего,2022
Джергинский заповедник,5.0,Пресмыкающиеся,Всего,2022
Сохондинский заповедник,3.0,Пресмыкающиеся,Всего,2022
Забайкальский национальный парк,5.0,Пресмыкающиеся,Всего,2022
Прибайкальский национальный парк,3.0,Пресмыкающиеся,Всего,2022
Тункинский национальный парк,4.0,Пресмыкающиеся,Всего,2022
"Национальный парк ""Чикой""",2.0,Пресмыкающиеся,Всего,2022
Байкало-Ленский заповедник,0.0,Пресмыкающиеся,Красная книга РФ,2022
Байкальский заповедник,0.0,Пресмыкающиеся,Красная книга РФ,2022
Баргузинский заповедник,0.0,Пресмыкающиеся,Красная книга РФ,2022
Джергинский заповедник,0.0,Пресмыкающиеся,Красная книга РФ,2022
Сохондинский заповедник,0.0,Пресмыкающиеся,Красная книга РФ,2022
Забайкальский национальный парк,0.0,Пресмыкающиеся,Красная книга РФ,2022
Прибайкальский национальный парк,0.0,Пресмыкающиеся,Красная книга РФ,2022
Тункинский национальный парк,0.0,Пресмыкающиеся,Красная книга РФ,2022
"Национальный парк ""Чикой""",0.0,Пресмыкающиеся,Красная книга РФ,2022
Байкало-Ленский заповедник,0.0,Пресмыкающиеся,Красная книга СРФ,2022
Байкальский заповедник,0.0,Пресмыкающиеся,Красная книга СРФ,2022
Баргузинский заповедник,4.0,Пресмыкающиеся,Красная книга СРФ,2022
Джергинский заповедник,3.0,Пресмыкающиеся,Красная книга СРФ,2022
Сохондинский заповедник,0.0,Пресмыкающиеся,Красная книга СРФ,2022
Забайкальский национальный парк,1.0,Пресмыкающиеся,Красная книга СРФ,2022
Прибайкальский национальный парк,1.0,Пресмыкающиеся,Красная книга СРФ,2022
Тункинский национальный парк,2.0,Пресмыкающиеся,Красная книга СРФ,2022
"Национальный парк ""Чикой""",0.0,Пресмыкающиеся,Красная книга СРФ,2022
Байкало-Ленский заповедник,0.0,Пресмыкающиеся,Эндемичные виды,2022
Байкальский заповедник,0.0,Пресмыкающиеся,Эндемичные виды,2022
Баргузинский заповедник,0.0,Пресмыкающиеся,Эндемичные виды,2022
Джергинский заповедник,0.0,Пресмыкающиеся,Эндемичные виды,2022
Сохондинский заповедник,,Пресмыкающиеся,Эндемичные виды,2022
Забайкальский национальный парк,0.0,Пресмыкающиеся,Эндемичные виды,2022
Прибайкальский национальный парк,0.0,Пресмыкающиеся,Эндемичные виды,2022
Тункинский национальный парк,0.0,Пресмыкающиеся,Эндемичные виды,2022
"Национальный парк ""Чикой""",0.0,Пресмыкающиеся,Эндемичные виды,2022
Байкало-Ленский заповедник,277.0,Птицы,Всего,2022
Байкальский заповедник,308.0,Птицы,Всего,2022
Баргузинский заповедник,290.0,Птицы,Всего,2022
Джергинский заповедник,147.0,Птицы,Всего,2022
Сохондинский заповедник,239.0,Птицы,Всего,2022
Забайкальский национальный парк,307.0,Птицы,Всего,2022
Прибайкальский национальный парк,269.0,Птицы,Всего,2022
Тункинский национальный парк,336.0,Птицы,Всего,2022
"Национальный парк ""Чикой""",155.0,Птицы,Всего,2022
Байкало-Ленский заповедник,30.0,Птицы,Красная книга РФ,2022
Байкальский заповедник,31.0,Птицы,Красная книга РФ,2022
Баргузинский заповедник,29.0,Птицы,Красная книга РФ,2022
Джергинский заповедник,17.0,Птицы,Красная книга РФ,2022
Сохондинский заповедник,26.0,Птицы,Красная книга РФ,2022
Забайкальский национальный парк,39.0,Птицы,Красная книга РФ,2022
Прибайкальский национальный парк,34.0,Птицы,Красная книга РФ,2022
Тункинский национальный парк,30.0,Птицы,Красная книга РФ,2022
"Национальный парк ""Чикой""",14.0,Птицы,Красная книга РФ,2022
Байкало-Ленский заповедник,39.0,Птицы,Красная книга СРФ,2022
Байкальский заповедник,70.0,Птицы,Красная книга СРФ,2022
Баргузинский заповедник,52.0,Птицы,Красная книга СРФ,2022
Джергинский заповедник,32.0,Птицы,Красная книга СРФ,2022
Сохондинский заповедник,49.0,Птицы,Красная книга СРФ,2022
Забайкальский национальный парк,51.0,Птицы,Красная книга СРФ,2022
Прибайкальский национальный парк,50.0,Птицы,Красная книга СРФ,2022
Тункинский национальный парк,89.0,Птицы,Красная книга СРФ,2022
"Национальный парк ""Чикой""",23.0,Птицы,Красная книга СРФ,2022
Байкало-Ленский заповедник,0.0,Птицы,Эндемичные виды,2022
Байкальский заповедник,0.0,Птицы,Эндемичные виды,2022
Баргузинский заповедник,0.0,Птицы,Эндемичные виды,2022
Джергинский заповедник,0.0,Птицы,Эндемичные виды,2022
Сохондинский заповедник,,Птицы,Эндемичные виды,2022
Забайкальский национальный парк,0.0,Птицы,Эндемичные виды,2022
Прибайкальский национальный парк,0.0,Птицы,Эндемичные виды,2022
Тункинский национальный парк,0.0,Птицы,Эндемичные виды,2022
"Национальный парк ""Чикой""",0.0,Птицы,Эндемичные виды,2022
Байкало-Ленский заповедник,52.0,Млекопитающие,Всего,2022
Байкальский заповедник,52.0,Млекопитающие,Всего,2022
Баргузинский заповедник,44.0,Млекопитающие,Всего,2022
Джергинский заповедник,48.0,Млекопитающие,Всего,2022
Сохондинский заповедник,49.0,Млекопитающие,Всего,2022
Забайкальский национальный парк,63.0,Млекопитающие,Всего,2022
Прибайкальский национальный парк,50.0,Млекопитающие,Всего,2022
Тункинский национальный парк,63.0,Млекопитающие,Всего,2022
"Национальный парк ""Чикой""",67.0,Млекопитающие,Всего,2022
Байкало-Ленский заповедник,1.0,Млекопитающие,Красная книга РФ,2022
Байкальский заповедник,1.0,Млекопитающие,Красная книга РФ,2022
Баргузинский заповедник,1.0,Млекопитающие,Красная книга РФ,2022
Джергинский заповедник,1.0,Млекопитающие,Красная книга РФ,2022
Сохондинский заповедник,0.0,Млекопитающие,Красная книга РФ,2022
Забайкальский национальный парк,1.0,Млекопитающие,Красная книга РФ,2022
Прибайкальский национальный парк,1.0,Млекопитающие,Красная книга РФ,2022
Тункинский национальный парк,5.0,Млекопитающие,Красная книга РФ,2022
"Национальный парк ""Чикой""",4.0,Млекопитающие,Красная книга РФ,2022
Байкало-Ленский заповедник,3.0,Млекопитающие,Красная книга СРФ,2022
Байкальский заповедник,5.0,Млекопитающие,Красная книга СРФ,2022
Баргузинский заповедник,4.0,Млекопитающие,Красная книга СРФ,2022
Джергинский заповедник,3.0,Млекопитающие,Красная книга СРФ,2022
Сохондинский заповедник,2.0,Млекопитающие,Красная книга СРФ,2022
Забайкальский национальный парк,7.0,Млекопитающие,Красная книга СРФ,2022
Прибайкальский национальный парк,3.0,Млекопитающие,Красная книга СРФ,2022
Тункинский национальный парк,11.0,Млекопитающие,Красная книга СРФ,2022
"Национальный парк ""Чикой""",8.0,Млекопитающие,Красная книга СРФ,2022
Байкало-Ленский заповедник,1.0,Млекопитающие,Эндемичные виды,2022
Байкальский заповедник,0.0,Млекопитающие,Эндемичные виды,2022
Баргузинский заповедник,1.0,Млекопитающие,Эндемичные виды,2022
Джергинский заповедник,1.0,Млекопитающие,Эндемичные виды,2022
Сохондинский заповедник,,Млекопитающие,Эндемичные виды,2022
Забайкальский национальный парк,2.0,Млекопитающие,Эндемичные виды,2022
Прибайкальский национальный парк,1.0,Млекопитающие,Эндемичные виды,2022
Тункинский национальный парк,0.0,Млекопитающие,Эндемичные виды,2022
"Национальный парк ""Чикой""",0.0,Млекопитающие,Эндемичные виды,2022
